ID,Seed,Probability,Message
661,40123867,0.9999704069382496,Prevalence with immunity from infection-LnL CALC|Cumulative hospitalization rate-LnL CALC|Cumulative hospitalization rate-0-4yrs-LnL CALC|Cumulative hospitalization rate-5-12yrs-LnL CALC|Cumulative hospitalization rate-13-17yrs-LnL CALC|Cumulative hospitalization rate-18-29yrs-LnL CALC|Cumulative hospitalization rate-30-49yrs-LnL CALC|Cumulative hospitalization rate-50-64yrs-LnL CALC|Cumulative hospitalization rate-65-74yrs-LnL CALC|Cumulative hospitalization rate-75+yrs-LnL CALC|Cumulative vaccination rate-LnL CALC|Cumulative vaccination rate-13-17yrs-LnL CALC|Cumulative vaccination rate-18-29yrs-LnL CALC|Cumulative vaccination rate-30-49yrs-LnL CALC|Cumulative vaccination rate-50-64yrs-LnL CALC|Cumulative vaccination rate-65-74yrs-LnL CALC|Cumulative vaccination rate-75+yrs-LnL CALC|% of incidence due to Delta-LnL CALC|
159,810293625,2.7653193524975987e-05,Prevalence with immunity from infection-LnL CALC|Cumulative hospitalization rate-LnL CALC|Cumulative hospitalization rate-0-4yrs-LnL CALC|Cumulative hospitalization rate-5-12yrs-LnL CALC|Cumulative hospitalization rate-13-17yrs-LnL CALC|Cumulative hospitalization rate-18-29yrs-LnL CALC|Cumulative hospitalization rate-30-49yrs-LnL CALC|Cumulative hospitalization rate-50-64yrs-LnL CALC|Cumulative hospitalization rate-65-74yrs-LnL CALC|Cumulative hospitalization rate-75+yrs-LnL CALC|Cumulative vaccination rate-LnL CALC|Cumulative vaccination rate-13-17yrs-LnL CALC|Cumulative vaccination rate-18-29yrs-LnL CALC|Cumulative vaccination rate-30-49yrs-LnL CALC|Cumulative vaccination rate-50-64yrs-LnL CALC|Cumulative vaccination rate-65-74yrs-LnL CALC|Cumulative vaccination rate-75+yrs-LnL CALC|% of incidence due to Delta-LnL CALC|
639,414677436,1.9197898308967876e-06,Prevalence with immunity from infection-LnL CALC|Cumulative hospitalization rate-LnL CALC|Cumulative hospitalization rate-0-4yrs-LnL CALC|Cumulative hospitalization rate-5-12yrs-LnL CALC|Cumulative hospitalization rate-13-17yrs-LnL CALC|Cumulative hospitalization rate-18-29yrs-LnL CALC|Cumulative hospitalization rate-30-49yrs-LnL CALC|Cumulative hospitalization rate-50-64yrs-LnL CALC|Cumulative hospitalization rate-65-74yrs-LnL CALC|Cumulative hospitalization rate-75+yrs-LnL CALC|Cumulative vaccination rate-LnL CALC|Cumulative vaccination rate-13-17yrs-LnL CALC|Cumulative vaccination rate-18-29yrs-LnL CALC|Cumulative vaccination rate-30-49yrs-LnL CALC|Cumulative vaccination rate-50-64yrs-LnL CALC|Cumulative vaccination rate-65-74yrs-LnL CALC|Cumulative vaccination rate-75+yrs-LnL CALC|% of incidence due to Delta-LnL CALC|
739,2032467298,2.007839453340841e-08,Prevalence with immunity from infection-LnL CALC|Cumulative hospitalization rate-LnL CALC|Cumulative hospitalization rate-0-4yrs-LnL CALC|Cumulative hospitalization rate-5-12yrs-LnL CALC|Cumulative hospitalization rate-13-17yrs-LnL CALC|Cumulative hospitalization rate-18-29yrs-LnL CALC|Cumulative hospitalization rate-30-49yrs-LnL CALC|Cumulative hospitalization rate-50-64yrs-LnL CALC|Cumulative hospitalization rate-65-74yrs-LnL CALC|Cumulative hospitalization rate-75+yrs-LnL CALC|Cumulative vaccination rate-LnL CALC|Cumulative vaccination rate-13-17yrs-LnL CALC|Cumulative vaccination rate-18-29yrs-LnL CALC|Cumulative vaccination rate-30-49yrs-LnL CALC|Cumulative vaccination rate-50-64yrs-LnL CALC|Cumulative vaccination rate-65-74yrs-LnL CALC|Cumulative vaccination rate-75+yrs-LnL CALC|% of incidence due to Delta-LnL CALC|
664,244160614,7.361797089341437e-22,Prevalence with immunity from infection-LnL CALC|Cumulative hospitalization rate-LnL CALC|Cumulative hospitalization rate-0-4yrs-LnL CALC|Cumulative hospitalization rate-5-12yrs-LnL CALC|Cumulative hospitalization rate-13-17yrs-LnL CALC|Cumulative hospitalization rate-18-29yrs-LnL CALC|Cumulative hospitalization rate-30-49yrs-LnL CALC|Cumulative hospitalization rate-50-64yrs-LnL CALC|Cumulative hospitalization rate-65-74yrs-LnL CALC|Cumulative hospitalization rate-75+yrs-LnL CALC|Cumulative vaccination rate-LnL CALC|Cumulative vaccination rate-13-17yrs-LnL CALC|Cumulative vaccination rate-18-29yrs-LnL CALC|Cumulative vaccination rate-30-49yrs-LnL CALC|Cumulative vaccination rate-50-64yrs-LnL CALC|Cumulative vaccination rate-65-74yrs-LnL CALC|Cumulative vaccination rate-75+yrs-LnL CALC|% of incidence due to Delta-LnL CALC|
268,300497007,2.1619331526248113e-23,Prevalence with immunity from infection-LnL CALC|Cumulative hospitalization rate-LnL CALC|Cumulative hospitalization rate-0-4yrs-LnL CALC|Cumulative hospitalization rate-5-12yrs-LnL CALC|Cumulative hospitalization rate-13-17yrs-LnL CALC|Cumulative hospitalization rate-18-29yrs-LnL CALC|Cumulative hospitalization rate-30-49yrs-LnL CALC|Cumulative hospitalization rate-50-64yrs-LnL CALC|Cumulative hospitalization rate-65-74yrs-LnL CALC|Cumulative hospitalization rate-75+yrs-LnL CALC|Cumulative vaccination rate-LnL CALC|Cumulative vaccination rate-13-17yrs-LnL CALC|Cumulative vaccination rate-18-29yrs-LnL CALC|Cumulative vaccination rate-30-49yrs-LnL CALC|Cumulative vaccination rate-50-64yrs-LnL CALC|Cumulative vaccination rate-65-74yrs-LnL CALC|Cumulative vaccination rate-75+yrs-LnL CALC|% of incidence due to Delta-LnL CALC|
574,2054584822,2.1958727162433022e-28,Prevalence with immunity from infection-LnL CALC|Cumulative hospitalization rate-LnL CALC|Cumulative hospitalization rate-0-4yrs-LnL CALC|Cumulative hospitalization rate-5-12yrs-LnL CALC|Cumulative hospitalization rate-13-17yrs-LnL CALC|Cumulative hospitalization rate-18-29yrs-LnL CALC|Cumulative hospitalization rate-30-49yrs-LnL CALC|Cumulative hospitalization rate-50-64yrs-LnL CALC|Cumulative hospitalization rate-65-74yrs-LnL CALC|Cumulative hospitalization rate-75+yrs-LnL CALC|Cumulative vaccination rate-LnL CALC|Cumulative vaccination rate-13-17yrs-LnL CALC|Cumulative vaccination rate-18-29yrs-LnL CALC|Cumulative vaccination rate-30-49yrs-LnL CALC|Cumulative vaccination rate-50-64yrs-LnL CALC|Cumulative vaccination rate-65-74yrs-LnL CALC|Cumulative vaccination rate-75+yrs-LnL CALC|% of incidence due to Delta-LnL CALC|
265,441794767,5.2605482992666795e-36,Prevalence with immunity from infection-LnL CALC|Cumulative hospitalization rate-LnL CALC|Cumulative hospitalization rate-0-4yrs-LnL CALC|Cumulative hospitalization rate-5-12yrs-LnL CALC|Cumulative hospitalization rate-13-17yrs-LnL CALC|Cumulative hospitalization rate-18-29yrs-LnL CALC|Cumulative hospitalization rate-30-49yrs-LnL CALC|Cumulative hospitalization rate-50-64yrs-LnL CALC|Cumulative hospitalization rate-65-74yrs-LnL CALC|Cumulative hospitalization rate-75+yrs-LnL CALC|Cumulative vaccination rate-LnL CALC|Cumulative vaccination rate-13-17yrs-LnL CALC|Cumulative vaccination rate-18-29yrs-LnL CALC|Cumulative vaccination rate-30-49yrs-LnL CALC|Cumulative vaccination rate-50-64yrs-LnL CALC|Cumulative vaccination rate-65-74yrs-LnL CALC|Cumulative vaccination rate-75+yrs-LnL CALC|% of incidence due to Delta-LnL CALC|
294,1801664104,2.9547300572034224e-45,Prevalence with immunity from infection-LnL CALC|Cumulative hospitalization rate-LnL CALC|Cumulative hospitalization rate-0-4yrs-LnL CALC|Cumulative hospitalization rate-5-12yrs-LnL CALC|Cumulative hospitalization rate-13-17yrs-LnL CALC|Cumulative hospitalization rate-18-29yrs-LnL CALC|Cumulative hospitalization rate-30-49yrs-LnL CALC|Cumulative hospitalization rate-50-64yrs-LnL CALC|Cumulative hospitalization rate-65-74yrs-LnL CALC|Cumulative hospitalization rate-75+yrs-LnL CALC|Cumulative vaccination rate-LnL CALC|Cumulative vaccination rate-13-17yrs-LnL CALC|Cumulative vaccination rate-18-29yrs-LnL CALC|Cumulative vaccination rate-30-49yrs-LnL CALC|Cumulative vaccination rate-50-64yrs-LnL CALC|Cumulative vaccination rate-65-74yrs-LnL CALC|Cumulative vaccination rate-75+yrs-LnL CALC|% of incidence due to Delta-LnL CALC|
120,682769175,2.15060813561862e-119,Prevalence with immunity from infection-LnL CALC|Cumulative hospitalization rate-LnL CALC|Cumulative hospitalization rate-0-4yrs-LnL CALC|Cumulative hospitalization rate-5-12yrs-LnL CALC|Cumulative hospitalization rate-13-17yrs-LnL CALC|Cumulative hospitalization rate-18-29yrs-LnL CALC|Cumulative hospitalization rate-30-49yrs-LnL CALC|Cumulative hospitalization rate-50-64yrs-LnL CALC|Cumulative hospitalization rate-65-74yrs-LnL CALC|Cumulative hospitalization rate-75+yrs-LnL CALC|Cumulative vaccination rate-LnL CALC|Cumulative vaccination rate-13-17yrs-LnL CALC|Cumulative vaccination rate-18-29yrs-LnL CALC|Cumulative vaccination rate-30-49yrs-LnL CALC|Cumulative vaccination rate-50-64yrs-LnL CALC|Cumulative vaccination rate-65-74yrs-LnL CALC|Cumulative vaccination rate-75+yrs-LnL CALC|% of incidence due to Delta-LnL CALC|
415,760559579,4.8827367196308726e-148,Prevalence with immunity from infection-LnL CALC|Cumulative hospitalization rate-LnL CALC|Cumulative hospitalization rate-0-4yrs-LnL CALC|Cumulative hospitalization rate-5-12yrs-LnL CALC|Cumulative hospitalization rate-13-17yrs-LnL CALC|Cumulative hospitalization rate-18-29yrs-LnL CALC|Cumulative hospitalization rate-30-49yrs-LnL CALC|Cumulative hospitalization rate-50-64yrs-LnL CALC|Cumulative hospitalization rate-65-74yrs-LnL CALC|Cumulative hospitalization rate-75+yrs-LnL CALC|Cumulative vaccination rate-LnL CALC|Cumulative vaccination rate-13-17yrs-LnL CALC|Cumulative vaccination rate-18-29yrs-LnL CALC|Cumulative vaccination rate-30-49yrs-LnL CALC|Cumulative vaccination rate-50-64yrs-LnL CALC|Cumulative vaccination rate-65-74yrs-LnL CALC|Cumulative vaccination rate-75+yrs-LnL CALC|% of incidence due to Delta-LnL CALC|
504,1139563282,1.1873594007026028e-153,Prevalence with immunity from infection-LnL CALC|Cumulative hospitalization rate-LnL CALC|Cumulative hospitalization rate-0-4yrs-LnL CALC|Cumulative hospitalization rate-5-12yrs-LnL CALC|Cumulative hospitalization rate-13-17yrs-LnL CALC|Cumulative hospitalization rate-18-29yrs-LnL CALC|Cumulative hospitalization rate-30-49yrs-LnL CALC|Cumulative hospitalization rate-50-64yrs-LnL CALC|Cumulative hospitalization rate-65-74yrs-LnL CALC|Cumulative hospitalization rate-75+yrs-LnL CALC|Cumulative vaccination rate-LnL CALC|Cumulative vaccination rate-13-17yrs-LnL CALC|Cumulative vaccination rate-18-29yrs-LnL CALC|Cumulative vaccination rate-30-49yrs-LnL CALC|Cumulative vaccination rate-50-64yrs-LnL CALC|Cumulative vaccination rate-65-74yrs-LnL CALC|Cumulative vaccination rate-75+yrs-LnL CALC|% of incidence due to Delta-LnL CALC|
276,653278589,9.971626634619067e-236,Prevalence with immunity from infection-LnL CALC|Cumulative hospitalization rate-LnL CALC|Cumulative hospitalization rate-0-4yrs-LnL CALC|Cumulative hospitalization rate-5-12yrs-LnL CALC|Cumulative hospitalization rate-13-17yrs-LnL CALC|Cumulative hospitalization rate-18-29yrs-LnL CALC|Cumulative hospitalization rate-30-49yrs-LnL CALC|Cumulative hospitalization rate-50-64yrs-LnL CALC|Cumulative hospitalization rate-65-74yrs-LnL CALC|Cumulative hospitalization rate-75+yrs-LnL CALC|Cumulative vaccination rate-LnL CALC|Cumulative vaccination rate-13-17yrs-LnL CALC|Cumulative vaccination rate-18-29yrs-LnL CALC|Cumulative vaccination rate-30-49yrs-LnL CALC|Cumulative vaccination rate-50-64yrs-LnL CALC|Cumulative vaccination rate-65-74yrs-LnL CALC|Cumulative vaccination rate-75+yrs-LnL CALC|% of incidence due to Delta-LnL CALC|
742,1407548390,3.5628823873249476e-285,Prevalence with immunity from infection-LnL CALC|Cumulative hospitalization rate-LnL CALC|Cumulative hospitalization rate-0-4yrs-LnL CALC|Cumulative hospitalization rate-5-12yrs-LnL CALC|Cumulative hospitalization rate-13-17yrs-LnL CALC|Cumulative hospitalization rate-18-29yrs-LnL CALC|Cumulative hospitalization rate-30-49yrs-LnL CALC|Cumulative hospitalization rate-50-64yrs-LnL CALC|Cumulative hospitalization rate-65-74yrs-LnL CALC|Cumulative hospitalization rate-75+yrs-LnL CALC|Cumulative vaccination rate-LnL CALC|Cumulative vaccination rate-13-17yrs-LnL CALC|Cumulative vaccination rate-18-29yrs-LnL CALC|Cumulative vaccination rate-30-49yrs-LnL CALC|Cumulative vaccination rate-50-64yrs-LnL CALC|Cumulative vaccination rate-65-74yrs-LnL CALC|Cumulative vaccination rate-75+yrs-LnL CALC|% of incidence due to Delta-LnL CALC|
384,799692869,1.0052123060240181e-289,Prevalence with immunity from infection-LnL CALC|Cumulative hospitalization rate-LnL CALC|Cumulative hospitalization rate-0-4yrs-LnL CALC|Cumulative hospitalization rate-5-12yrs-LnL CALC|Cumulative hospitalization rate-13-17yrs-LnL CALC|Cumulative hospitalization rate-18-29yrs-LnL CALC|Cumulative hospitalization rate-30-49yrs-LnL CALC|Cumulative hospitalization rate-50-64yrs-LnL CALC|Cumulative hospitalization rate-65-74yrs-LnL CALC|Cumulative hospitalization rate-75+yrs-LnL CALC|Cumulative vaccination rate-LnL CALC|Cumulative vaccination rate-13-17yrs-LnL CALC|Cumulative vaccination rate-18-29yrs-LnL CALC|Cumulative vaccination rate-30-49yrs-LnL CALC|Cumulative vaccination rate-50-64yrs-LnL CALC|Cumulative vaccination rate-65-74yrs-LnL CALC|Cumulative vaccination rate-75+yrs-LnL CALC|% of incidence due to Delta-LnL CALC|
0,209652396,0.0,Infeasible trajectory
1,398764591,0.0,Infeasible trajectory
2,924231285,0.0,Infeasible trajectory
3,1478610112,0.0,Infeasible trajectory
4,441365315,0.0,Infeasible trajectory
5,1537364731,0.0,Infeasible trajectory
6,192771779,0.0,Infeasible trajectory
7,1491434855,0.0,Infeasible trajectory
8,1819583497,0.0,Infeasible trajectory
9,530702035,0.0,Infeasible trajectory
10,626610453,0.0,Infeasible trajectory
11,1650906866,0.0,Infeasible trajectory
12,1879422756,0.0,Prevalence with immunity from infection-LnL CALC|Cumulative hospitalization rate-LnL CALC|Cumulative hospitalization rate-0-4yrs-LnL CALC|Cumulative hospitalization rate-5-12yrs-LnL CALC|Cumulative hospitalization rate-13-17yrs-LnL CALC|Cumulative hospitalization rate-18-29yrs-LnL CALC|Cumulative hospitalization rate-30-49yrs-LnL CALC|Cumulative hospitalization rate-50-64yrs-LnL CALC|Cumulative hospitalization rate-65-74yrs-LnL CALC|Cumulative hospitalization rate-75+yrs-LnL CALC|Cumulative vaccination rate-LnL CALC|Cumulative vaccination rate-13-17yrs-LnL CALC|Cumulative vaccination rate-18-29yrs-LnL CALC|Cumulative vaccination rate-30-49yrs-LnL CALC|Cumulative vaccination rate-50-64yrs-LnL CALC|Cumulative vaccination rate-65-74yrs-LnL CALC|Cumulative vaccination rate-75+yrs-LnL CALC|% of incidence due to Delta-LnL CALC|
13,1277901399,0.0,Infeasible trajectory
14,1682652230,0.0,Infeasible trajectory
15,243580376,0.0,Infeasible trajectory
16,1991416408,0.0,Infeasible trajectory
17,1171049868,0.0,Infeasible trajectory
18,1646868794,0.0,Infeasible trajectory
19,2051556033,0.0,Infeasible trajectory
20,1252949478,0.0,Infeasible trajectory
21,1340754471,0.0,Infeasible trajectory
22,124102743,0.0,Infeasible trajectory
23,2061486254,0.0,Infeasible trajectory
24,292249176,0.0,Infeasible trajectory
25,1686997841,0.0,Infeasible trajectory
26,1827923621,0.0,Infeasible trajectory
27,1443447321,0.0,Infeasible trajectory
28,305097549,0.0,Infeasible trajectory
29,1449105480,0.0,Infeasible trajectory
30,374217481,0.0,Infeasible trajectory
31,636393364,0.0,Infeasible trajectory
32,86837363,0.0,Infeasible trajectory
33,1581585360,0.0,Infeasible trajectory
34,1428591347,0.0,Infeasible trajectory
35,1963466437,0.0,Infeasible trajectory
36,1194674174,0.0,Infeasible trajectory
37,602801999,0.0,Infeasible trajectory
38,1589190063,0.0,Infeasible trajectory
39,1589512640,0.0,Infeasible trajectory
40,2055650130,0.0,Infeasible trajectory
41,2034131043,0.0,Infeasible trajectory
42,1284876248,0.0,Infeasible trajectory
43,1292401841,0.0,Infeasible trajectory
44,1982038771,0.0,Infeasible trajectory
45,87950109,0.0,Infeasible trajectory
46,1204863635,0.0,Infeasible trajectory
47,768281747,0.0,Infeasible trajectory
48,507984782,0.0,Infeasible trajectory
49,947610023,0.0,Infeasible trajectory
50,600956192,0.0,Infeasible trajectory
51,352272321,0.0,Infeasible trajectory
52,615697673,0.0,Infeasible trajectory
53,160516793,0.0,Infeasible trajectory
54,1909838463,0.0,Infeasible trajectory
55,1110745632,0.0,Infeasible trajectory
56,93837855,0.0,Infeasible trajectory
57,454869706,0.0,Infeasible trajectory
58,1780959476,0.0,Infeasible trajectory
59,2034098327,0.0,Infeasible trajectory
60,1136257699,0.0,Infeasible trajectory
61,800291326,0.0,Infeasible trajectory
62,1177824715,0.0,Infeasible trajectory
63,1017555826,0.0,Infeasible trajectory
64,1959150775,0.0,Infeasible trajectory
65,930076700,0.0,Infeasible trajectory
66,293921570,0.0,Infeasible trajectory
67,580757632,0.0,Infeasible trajectory
68,80701568,0.0,Infeasible trajectory
69,1392175012,0.0,Infeasible trajectory
70,505240629,0.0,Infeasible trajectory
71,642848645,0.0,Infeasible trajectory
72,481447462,0.0,Infeasible trajectory
73,954863080,0.0,Infeasible trajectory
74,502227700,0.0,Infeasible trajectory
75,1659957521,0.0,Infeasible trajectory
76,1905883471,0.0,Infeasible trajectory
77,1729147268,0.0,Infeasible trajectory
78,780912233,0.0,Infeasible trajectory
79,1932520490,0.0,Infeasible trajectory
80,1544074682,0.0,Infeasible trajectory
81,485603871,0.0,Infeasible trajectory
82,1877037944,0.0,Infeasible trajectory
83,1728073985,0.0,Infeasible trajectory
84,848819521,0.0,Infeasible trajectory
85,426405863,0.0,Infeasible trajectory
86,258666409,0.0,Infeasible trajectory
87,2017814585,0.0,Infeasible trajectory
88,716257571,0.0,Infeasible trajectory
89,657731430,0.0,Infeasible trajectory
90,732884087,0.0,Infeasible trajectory
91,734051083,0.0,Infeasible trajectory
92,903586222,0.0,Infeasible trajectory
93,1538251858,0.0,Infeasible trajectory
94,553734235,0.0,Infeasible trajectory
95,1076688768,0.0,Infeasible trajectory
96,1354754446,0.0,Infeasible trajectory
97,463129187,0.0,Infeasible trajectory
98,1562125877,0.0,Infeasible trajectory
99,1396067212,0.0,Infeasible trajectory
100,301492857,0.0,Infeasible trajectory
101,165035946,0.0,Infeasible trajectory
102,1883779156,0.0,Infeasible trajectory
103,576702667,0.0,Infeasible trajectory
104,2097549636,0.0,Infeasible trajectory
105,1971172102,0.0,Infeasible trajectory
106,438279108,0.0,Infeasible trajectory
107,656229423,0.0,Infeasible trajectory
108,897118847,0.0,Infeasible trajectory
109,580073460,0.0,Infeasible trajectory
110,692819075,0.0,Infeasible trajectory
111,2127295436,0.0,Infeasible trajectory
112,657595236,0.0,Infeasible trajectory
113,351544500,0.0,Infeasible trajectory
114,1087879144,0.0,Infeasible trajectory
115,1779699534,0.0,Infeasible trajectory
116,2002789519,0.0,Infeasible trajectory
117,2038810260,0.0,Infeasible trajectory
118,1049799907,0.0,Infeasible trajectory
119,530471866,0.0,Infeasible trajectory
121,1451731663,0.0,Infeasible trajectory
122,474057613,0.0,Infeasible trajectory
123,750555509,0.0,Infeasible trajectory
124,671430485,0.0,Infeasible trajectory
125,1362371120,0.0,Infeasible trajectory
126,593491249,0.0,Infeasible trajectory
127,1195484741,0.0,Infeasible trajectory
128,844314793,0.0,Infeasible trajectory
129,1930892963,0.0,Infeasible trajectory
130,1583662528,0.0,Infeasible trajectory
131,698047583,0.0,Infeasible trajectory
132,1378655429,0.0,Infeasible trajectory
133,58289758,0.0,Infeasible trajectory
134,417046784,0.0,Infeasible trajectory
135,527619953,0.0,Infeasible trajectory
136,1451462322,0.0,Infeasible trajectory
137,745862436,0.0,Infeasible trajectory
138,412739490,0.0,Infeasible trajectory
139,2026988336,0.0,Infeasible trajectory
140,2046377821,0.0,Infeasible trajectory
141,1624328579,0.0,Infeasible trajectory
142,2012841570,0.0,Infeasible trajectory
143,41336362,0.0,Infeasible trajectory
144,2047673293,0.0,Infeasible trajectory
145,239292784,0.0,Infeasible trajectory
146,450308071,0.0,Infeasible trajectory
147,1937714069,0.0,Infeasible trajectory
148,1027629257,0.0,Infeasible trajectory
149,85846399,0.0,Infeasible trajectory
150,168310272,0.0,Infeasible trajectory
151,1897133962,0.0,Infeasible trajectory
152,1214646642,0.0,Infeasible trajectory
153,2059809323,0.0,Infeasible trajectory
154,516240314,0.0,Infeasible trajectory
155,1543802239,0.0,Infeasible trajectory
156,1271912471,0.0,Infeasible trajectory
157,2065422011,0.0,Infeasible trajectory
158,509931650,0.0,Infeasible trajectory
160,1365727330,0.0,Infeasible trajectory
161,1634131518,0.0,Infeasible trajectory
162,1779245987,0.0,Infeasible trajectory
163,1796307678,0.0,Infeasible trajectory
164,275511419,0.0,Infeasible trajectory
165,931243971,0.0,Infeasible trajectory
166,826661458,0.0,Infeasible trajectory
167,279984046,0.0,Infeasible trajectory
168,286051043,0.0,Infeasible trajectory
169,1568103572,0.0,Infeasible trajectory
170,1139839185,0.0,Infeasible trajectory
171,38521394,0.0,Infeasible trajectory
172,99849627,0.0,Infeasible trajectory
173,1789811470,0.0,Infeasible trajectory
174,403471401,0.0,Infeasible trajectory
175,1808858170,0.0,Infeasible trajectory
176,326187713,0.0,Infeasible trajectory
177,356965412,0.0,Infeasible trajectory
178,1843813130,0.0,Infeasible trajectory
179,1192792150,0.0,Infeasible trajectory
180,1368243243,0.0,Infeasible trajectory
181,40186728,0.0,Infeasible trajectory
182,719022091,0.0,Infeasible trajectory
183,1470348034,0.0,Infeasible trajectory
184,566067507,0.0,Infeasible trajectory
185,632108112,0.0,Infeasible trajectory
186,929118240,0.0,Infeasible trajectory
187,1466242230,0.0,Infeasible trajectory
188,1242989696,0.0,Infeasible trajectory
189,1137007398,0.0,Infeasible trajectory
190,786800915,0.0,Infeasible trajectory
191,1708627118,0.0,Infeasible trajectory
192,371570218,0.0,Infeasible trajectory
193,226866547,0.0,Infeasible trajectory
194,86361272,0.0,Infeasible trajectory
195,708413884,0.0,Infeasible trajectory
196,1412786664,0.0,Infeasible trajectory
197,1588313677,0.0,Infeasible trajectory
198,20166942,0.0,Infeasible trajectory
199,628962584,0.0,Infeasible trajectory
200,763716221,0.0,Infeasible trajectory
201,299008770,0.0,Infeasible trajectory
202,1159675395,0.0,Infeasible trajectory
203,875044958,0.0,Infeasible trajectory
204,1010150626,0.0,Infeasible trajectory
205,1238996843,0.0,Infeasible trajectory
206,1985084685,0.0,Infeasible trajectory
207,1860958064,0.0,Infeasible trajectory
208,1068386600,0.0,Infeasible trajectory
209,1099969864,0.0,Infeasible trajectory
210,327093267,0.0,Infeasible trajectory
211,1701229151,0.0,Infeasible trajectory
212,395317064,0.0,Infeasible trajectory
213,1700971930,0.0,Infeasible trajectory
214,310319554,0.0,Infeasible trajectory
215,596661496,0.0,Infeasible trajectory
216,958128308,0.0,Infeasible trajectory
217,1681713475,0.0,Infeasible trajectory
218,1944542188,0.0,Infeasible trajectory
219,773332797,0.0,Infeasible trajectory
220,1920388878,0.0,Infeasible trajectory
221,1929289568,0.0,Infeasible trajectory
222,1487813892,0.0,Infeasible trajectory
223,2055446467,0.0,Infeasible trajectory
224,856756973,0.0,Infeasible trajectory
225,499083403,0.0,Infeasible trajectory
226,1277481980,0.0,Infeasible trajectory
227,1146858070,0.0,Infeasible trajectory
228,1347751373,0.0,Infeasible trajectory
229,1768754041,0.0,Infeasible trajectory
230,1702979181,0.0,Infeasible trajectory
231,753505099,0.0,Infeasible trajectory
232,1636825784,0.0,Infeasible trajectory
233,1072866832,0.0,Infeasible trajectory
234,349064344,0.0,Infeasible trajectory
235,1345262493,0.0,Infeasible trajectory
236,1639540885,0.0,Infeasible trajectory
237,1998947438,0.0,Infeasible trajectory
238,826916889,0.0,Infeasible trajectory
239,379954640,0.0,Infeasible trajectory
240,967459772,0.0,Infeasible trajectory
241,685770617,0.0,Infeasible trajectory
242,5688182,0.0,Infeasible trajectory
243,142619765,0.0,Infeasible trajectory
244,1958864317,0.0,Infeasible trajectory
245,990131795,0.0,Infeasible trajectory
246,618433185,0.0,Infeasible trajectory
247,1695950696,0.0,Infeasible trajectory
248,1820443552,0.0,Infeasible trajectory
249,510278884,0.0,Infeasible trajectory
250,456955387,0.0,Infeasible trajectory
251,2039540475,0.0,Infeasible trajectory
252,82434169,0.0,Infeasible trajectory
253,2019202374,0.0,Infeasible trajectory
254,1295253973,0.0,Infeasible trajectory
255,928033055,0.0,Infeasible trajectory
256,687940109,0.0,Infeasible trajectory
257,1236911943,0.0,Infeasible trajectory
258,1245873848,0.0,Infeasible trajectory
259,1646957720,0.0,Infeasible trajectory
260,506872399,0.0,Infeasible trajectory
261,1070176297,0.0,Infeasible trajectory
262,1841547538,0.0,Infeasible trajectory
263,1625439784,0.0,Infeasible trajectory
264,581856694,0.0,Infeasible trajectory
266,1281112843,0.0,Infeasible trajectory
267,396742822,0.0,Infeasible trajectory
269,1520618845,0.0,Infeasible trajectory
270,390295545,0.0,Infeasible trajectory
271,222549121,0.0,Infeasible trajectory
272,319224543,0.0,Infeasible trajectory
273,144418678,0.0,Infeasible trajectory
274,657992492,0.0,Infeasible trajectory
275,2014175448,0.0,Infeasible trajectory
277,1378672664,0.0,Infeasible trajectory
278,1852928067,0.0,Infeasible trajectory
279,950315986,0.0,Infeasible trajectory
280,1703154671,0.0,Infeasible trajectory
281,606723843,0.0,Infeasible trajectory
282,1578666218,0.0,Infeasible trajectory
283,417728204,0.0,Infeasible trajectory
284,1872025574,0.0,Infeasible trajectory
285,2078945571,0.0,Infeasible trajectory
286,1683298006,0.0,Infeasible trajectory
287,1118155774,0.0,Infeasible trajectory
288,1315093181,0.0,Infeasible trajectory
289,159010501,0.0,Infeasible trajectory
290,875694807,0.0,Infeasible trajectory
291,1923828267,0.0,Infeasible trajectory
292,430471200,0.0,Infeasible trajectory
293,427645963,0.0,Infeasible trajectory
295,1513167060,0.0,Infeasible trajectory
296,920159370,0.0,Infeasible trajectory
297,2015409846,0.0,Infeasible trajectory
298,2142531563,0.0,Infeasible trajectory
299,1465185701,0.0,Infeasible trajectory
300,641875581,0.0,Infeasible trajectory
301,1737948828,0.0,Infeasible trajectory
302,1581089391,0.0,Infeasible trajectory
303,161316328,0.0,Infeasible trajectory
304,697901826,0.0,Infeasible trajectory
305,35714587,0.0,Infeasible trajectory
306,496324563,0.0,Infeasible trajectory
307,716604633,0.0,Infeasible trajectory
308,531802775,0.0,Infeasible trajectory
309,1198514997,0.0,Infeasible trajectory
310,1494683955,0.0,Infeasible trajectory
311,1567376558,0.0,Infeasible trajectory
312,1319924884,0.0,Infeasible trajectory
313,1766935477,0.0,Infeasible trajectory
314,296785437,0.0,Infeasible trajectory
315,601177667,0.0,Infeasible trajectory
316,1748838947,0.0,Infeasible trajectory
317,142689063,0.0,Infeasible trajectory
318,297069961,0.0,Infeasible trajectory
319,2072643657,0.0,Infeasible trajectory
320,847950121,0.0,Infeasible trajectory
321,1603271575,0.0,Infeasible trajectory
322,1947950979,0.0,Infeasible trajectory
323,1804209966,0.0,Infeasible trajectory
324,953721562,0.0,Infeasible trajectory
325,217274290,0.0,Infeasible trajectory
326,1573600108,0.0,Infeasible trajectory
327,1569793795,0.0,Infeasible trajectory
328,2042349343,0.0,Infeasible trajectory
329,71416585,0.0,Infeasible trajectory
330,1528163722,0.0,Infeasible trajectory
331,991030811,0.0,Infeasible trajectory
332,50311597,0.0,Infeasible trajectory
333,1137787079,0.0,Infeasible trajectory
334,1546093991,0.0,Infeasible trajectory
335,1907495997,0.0,Infeasible trajectory
336,987801941,0.0,Infeasible trajectory
337,1073738593,0.0,Infeasible trajectory
338,737143852,0.0,Infeasible trajectory
339,1457728290,0.0,Infeasible trajectory
340,90351522,0.0,Infeasible trajectory
341,2102596696,0.0,Infeasible trajectory
342,233379873,0.0,Infeasible trajectory
343,1455929989,0.0,Infeasible trajectory
344,858978536,0.0,Infeasible trajectory
345,770904831,0.0,Infeasible trajectory
346,79550500,0.0,Infeasible trajectory
347,734381824,0.0,Infeasible trajectory
348,1261422027,0.0,Infeasible trajectory
349,1990506786,0.0,Infeasible trajectory
350,961749189,0.0,Infeasible trajectory
351,1608778622,0.0,Infeasible trajectory
352,1483274165,0.0,Infeasible trajectory
353,1907479806,0.0,Infeasible trajectory
354,1838595152,0.0,Infeasible trajectory
355,464942526,0.0,Infeasible trajectory
356,877953160,0.0,Infeasible trajectory
357,415131837,0.0,Infeasible trajectory
358,136747137,0.0,Infeasible trajectory
359,1218242769,0.0,Infeasible trajectory
360,707356016,0.0,Infeasible trajectory
361,112931,0.0,Infeasible trajectory
362,521745784,0.0,Infeasible trajectory
363,216337755,0.0,Infeasible trajectory
364,331694248,0.0,Prevalence with immunity from infection-LnL CALC|Cumulative hospitalization rate-LnL CALC|Cumulative hospitalization rate-0-4yrs-LnL CALC|Cumulative hospitalization rate-5-12yrs-LnL CALC|Cumulative hospitalization rate-13-17yrs-LnL CALC|Cumulative hospitalization rate-18-29yrs-LnL CALC|Cumulative hospitalization rate-30-49yrs-LnL CALC|Cumulative hospitalization rate-50-64yrs-LnL CALC|Cumulative hospitalization rate-65-74yrs-LnL CALC|Cumulative hospitalization rate-75+yrs-LnL CALC|Cumulative vaccination rate-LnL CALC|Cumulative vaccination rate-13-17yrs-LnL CALC|Cumulative vaccination rate-18-29yrs-LnL CALC|Cumulative vaccination rate-30-49yrs-LnL CALC|Cumulative vaccination rate-50-64yrs-LnL CALC|Cumulative vaccination rate-65-74yrs-LnL CALC|Cumulative vaccination rate-75+yrs-LnL CALC|% of incidence due to Delta-LnL -INF|
365,855119732,0.0,Infeasible trajectory
366,1021741860,0.0,Infeasible trajectory
367,2114826416,0.0,Infeasible trajectory
368,1864934937,0.0,Infeasible trajectory
369,1147883843,0.0,Infeasible trajectory
370,489480039,0.0,Infeasible trajectory
371,769188348,0.0,Infeasible trajectory
372,153041699,0.0,Infeasible trajectory
373,1564576882,0.0,Infeasible trajectory
374,386160414,0.0,Infeasible trajectory
375,1077367837,0.0,Infeasible trajectory
376,988366577,0.0,Infeasible trajectory
377,1994968353,0.0,Infeasible trajectory
378,1339793554,0.0,Infeasible trajectory
379,232969489,0.0,Infeasible trajectory
380,1710346461,0.0,Infeasible trajectory
381,912210260,0.0,Infeasible trajectory
382,901272061,0.0,Infeasible trajectory
383,955386370,0.0,Infeasible trajectory
385,939521381,0.0,Infeasible trajectory
386,1908564876,0.0,Infeasible trajectory
387,298816044,0.0,Infeasible trajectory
388,1028862837,0.0,Infeasible trajectory
389,1941793533,0.0,Infeasible trajectory
390,2106504514,0.0,Infeasible trajectory
391,2019651183,0.0,Infeasible trajectory
392,976738395,0.0,Infeasible trajectory
393,775433557,0.0,Infeasible trajectory
394,1092452775,0.0,Infeasible trajectory
395,366341671,0.0,Infeasible trajectory
396,249233355,0.0,Infeasible trajectory
397,242314902,0.0,Infeasible trajectory
398,1865805214,0.0,Infeasible trajectory
399,2095246993,0.0,Infeasible trajectory
400,1339153094,0.0,Infeasible trajectory
401,1636402119,0.0,Infeasible trajectory
402,843288850,0.0,Infeasible trajectory
403,2046141276,0.0,Infeasible trajectory
404,1622431787,0.0,Infeasible trajectory
405,505336915,0.0,Infeasible trajectory
406,771391921,0.0,Infeasible trajectory
407,182530857,0.0,Infeasible trajectory
408,105994333,0.0,Infeasible trajectory
409,1523053742,0.0,Infeasible trajectory
410,288834965,0.0,Infeasible trajectory
411,1047261385,0.0,Infeasible trajectory
412,770486105,0.0,Infeasible trajectory
413,2055555570,0.0,Infeasible trajectory
414,1948613088,0.0,Infeasible trajectory
416,157106505,0.0,Infeasible trajectory
417,459755036,0.0,Infeasible trajectory
418,1703690219,0.0,Infeasible trajectory
419,922116305,0.0,Infeasible trajectory
420,2105989737,0.0,Infeasible trajectory
421,2016475066,0.0,Infeasible trajectory
422,931565440,0.0,Infeasible trajectory
423,1958567894,0.0,Infeasible trajectory
424,700415551,0.0,Infeasible trajectory
425,1745552400,0.0,Infeasible trajectory
426,1130961002,0.0,Infeasible trajectory
427,589357220,0.0,Infeasible trajectory
428,88695390,0.0,Infeasible trajectory
429,984489496,0.0,Infeasible trajectory
430,1109727860,0.0,Infeasible trajectory
431,1638896831,0.0,Infeasible trajectory
432,1374463171,0.0,Infeasible trajectory
433,1736992051,0.0,Infeasible trajectory
434,1646964872,0.0,Infeasible trajectory
435,626140088,0.0,Infeasible trajectory
436,379319131,0.0,Infeasible trajectory
437,1394502749,0.0,Infeasible trajectory
438,1421842299,0.0,Infeasible trajectory
439,84658926,0.0,Infeasible trajectory
440,553972823,0.0,Infeasible trajectory
441,237728,0.0,Infeasible trajectory
442,1600522387,0.0,Infeasible trajectory
443,1339429448,0.0,Infeasible trajectory
444,1174854087,0.0,Infeasible trajectory
445,1827300439,0.0,Infeasible trajectory
446,1280101389,0.0,Infeasible trajectory
447,1655012666,0.0,Infeasible trajectory
448,797300305,0.0,Infeasible trajectory
449,772576376,0.0,Infeasible trajectory
450,1944725364,0.0,Infeasible trajectory
451,1959062455,0.0,Infeasible trajectory
452,805256000,0.0,Infeasible trajectory
453,2076224203,0.0,Infeasible trajectory
454,925598428,0.0,Infeasible trajectory
455,1240126372,0.0,Infeasible trajectory
456,1921442073,0.0,Infeasible trajectory
457,985445152,0.0,Infeasible trajectory
458,991518122,0.0,Infeasible trajectory
459,1633365774,0.0,Infeasible trajectory
460,1090671062,0.0,Infeasible trajectory
461,1347298588,0.0,Infeasible trajectory
462,916167956,0.0,Infeasible trajectory
463,1964736466,0.0,Infeasible trajectory
464,78171460,0.0,Infeasible trajectory
465,2026157590,0.0,Infeasible trajectory
466,110220515,0.0,Infeasible trajectory
467,908745594,0.0,Infeasible trajectory
468,891077203,0.0,Infeasible trajectory
469,660112007,0.0,Infeasible trajectory
470,1824010184,0.0,Infeasible trajectory
471,989741629,0.0,Infeasible trajectory
472,1607047821,0.0,Infeasible trajectory
473,628200965,0.0,Infeasible trajectory
474,1991041280,0.0,Infeasible trajectory
475,922905736,0.0,Infeasible trajectory
476,1192406223,0.0,Infeasible trajectory
477,800831951,0.0,Prevalence with immunity from infection-LnL CALC|Cumulative hospitalization rate-LnL CALC|Cumulative hospitalization rate-0-4yrs-LnL CALC|Cumulative hospitalization rate-5-12yrs-LnL CALC|Cumulative hospitalization rate-13-17yrs-LnL CALC|Cumulative hospitalization rate-18-29yrs-LnL CALC|Cumulative hospitalization rate-30-49yrs-LnL CALC|Cumulative hospitalization rate-50-64yrs-LnL CALC|Cumulative hospitalization rate-65-74yrs-LnL CALC|Cumulative hospitalization rate-75+yrs-LnL CALC|Cumulative vaccination rate-LnL CALC|Cumulative vaccination rate-13-17yrs-LnL CALC|Cumulative vaccination rate-18-29yrs-LnL CALC|Cumulative vaccination rate-30-49yrs-LnL CALC|Cumulative vaccination rate-50-64yrs-LnL CALC|Cumulative vaccination rate-65-74yrs-LnL CALC|Cumulative vaccination rate-75+yrs-LnL CALC|% of incidence due to Delta-LnL -INF|
478,372735925,0.0,Infeasible trajectory
479,1321047179,0.0,Infeasible trajectory
480,1562747908,0.0,Infeasible trajectory
481,1061198247,0.0,Infeasible trajectory
482,504795484,0.0,Infeasible trajectory
483,750963629,0.0,Infeasible trajectory
484,74642714,0.0,Infeasible trajectory
485,1189249610,0.0,Infeasible trajectory
486,567228212,0.0,Infeasible trajectory
487,751227886,0.0,Infeasible trajectory
488,931405233,0.0,Infeasible trajectory
489,878210267,0.0,Infeasible trajectory
490,1701063475,0.0,Infeasible trajectory
491,1989214947,0.0,Infeasible trajectory
492,280982377,0.0,Infeasible trajectory
493,1462129426,0.0,Infeasible trajectory
494,787180917,0.0,Infeasible trajectory
495,879891746,0.0,Prevalence with immunity from infection-LnL CALC|Cumulative hospitalization rate-LnL CALC|Cumulative hospitalization rate-0-4yrs-LnL CALC|Cumulative hospitalization rate-5-12yrs-LnL CALC|Cumulative hospitalization rate-13-17yrs-LnL CALC|Cumulative hospitalization rate-18-29yrs-LnL CALC|Cumulative hospitalization rate-30-49yrs-LnL CALC|Cumulative hospitalization rate-50-64yrs-LnL CALC|Cumulative hospitalization rate-65-74yrs-LnL CALC|Cumulative hospitalization rate-75+yrs-LnL CALC|Cumulative vaccination rate-LnL CALC|Cumulative vaccination rate-13-17yrs-LnL CALC|Cumulative vaccination rate-18-29yrs-LnL CALC|Cumulative vaccination rate-30-49yrs-LnL CALC|Cumulative vaccination rate-50-64yrs-LnL CALC|Cumulative vaccination rate-65-74yrs-LnL CALC|Cumulative vaccination rate-75+yrs-LnL CALC|% of incidence due to Delta-LnL -INF|
496,622116403,0.0,Prevalence with immunity from infection-LnL CALC|Cumulative hospitalization rate-LnL CALC|Cumulative hospitalization rate-0-4yrs-LnL CALC|Cumulative hospitalization rate-5-12yrs-LnL CALC|Cumulative hospitalization rate-13-17yrs-LnL CALC|Cumulative hospitalization rate-18-29yrs-LnL CALC|Cumulative hospitalization rate-30-49yrs-LnL CALC|Cumulative hospitalization rate-50-64yrs-LnL CALC|Cumulative hospitalization rate-65-74yrs-LnL CALC|Cumulative hospitalization rate-75+yrs-LnL CALC|Cumulative vaccination rate-LnL CALC|Cumulative vaccination rate-13-17yrs-LnL CALC|Cumulative vaccination rate-18-29yrs-LnL CALC|Cumulative vaccination rate-30-49yrs-LnL CALC|Cumulative vaccination rate-50-64yrs-LnL CALC|Cumulative vaccination rate-65-74yrs-LnL CALC|Cumulative vaccination rate-75+yrs-LnL CALC|% of incidence due to Delta-LnL -INF|
497,708492958,0.0,Infeasible trajectory
498,2096185781,0.0,Infeasible trajectory
499,536153914,0.0,Infeasible trajectory
500,1527345067,0.0,Infeasible trajectory
501,953829175,0.0,Infeasible trajectory
502,1891640828,0.0,Infeasible trajectory
503,130794492,0.0,Infeasible trajectory
505,1060832173,0.0,Infeasible trajectory
506,1068002135,0.0,Infeasible trajectory
507,397697473,0.0,Infeasible trajectory
508,1733963078,0.0,Infeasible trajectory
509,933942762,0.0,Infeasible trajectory
510,358296629,0.0,Infeasible trajectory
511,1070539568,0.0,Infeasible trajectory
512,224164958,0.0,Infeasible trajectory
513,995117115,0.0,Infeasible trajectory
514,362821968,0.0,Infeasible trajectory
515,195913370,0.0,Infeasible trajectory
516,1984001660,0.0,Infeasible trajectory
517,898322595,0.0,Infeasible trajectory
518,1254764090,0.0,Infeasible trajectory
519,1232290737,0.0,Infeasible trajectory
520,1034351722,0.0,Infeasible trajectory
521,761340105,0.0,Infeasible trajectory
522,430759212,0.0,Infeasible trajectory
523,270747405,0.0,Infeasible trajectory
524,70564729,0.0,Infeasible trajectory
525,239011654,0.0,Infeasible trajectory
526,1844814374,0.0,Infeasible trajectory
527,39685799,0.0,Infeasible trajectory
528,729785992,0.0,Infeasible trajectory
529,1430387725,0.0,Infeasible trajectory
530,1224722424,0.0,Infeasible trajectory
531,2080179079,0.0,Infeasible trajectory
532,1210021584,0.0,Infeasible trajectory
533,874003448,0.0,Infeasible trajectory
534,371128854,0.0,Infeasible trajectory
535,780100088,0.0,Infeasible trajectory
536,274685775,0.0,Infeasible trajectory
537,53229529,0.0,Infeasible trajectory
538,2085754632,0.0,Infeasible trajectory
539,345517795,0.0,Infeasible trajectory
540,2050825990,0.0,Infeasible trajectory
541,1234984145,0.0,Infeasible trajectory
542,1617077703,0.0,Infeasible trajectory
543,457308628,0.0,Infeasible trajectory
544,1452381657,0.0,Infeasible trajectory
545,938033090,0.0,Infeasible trajectory
546,1982428732,0.0,Infeasible trajectory
547,1954935184,0.0,Infeasible trajectory
548,995150904,0.0,Infeasible trajectory
549,1627233138,0.0,Infeasible trajectory
550,1929809645,0.0,Infeasible trajectory
551,2114275991,0.0,Infeasible trajectory
552,1895702808,0.0,Infeasible trajectory
553,925828100,0.0,Infeasible trajectory
554,1285065316,0.0,Infeasible trajectory
555,2088039404,0.0,Infeasible trajectory
556,560269617,0.0,Infeasible trajectory
557,895707479,0.0,Infeasible trajectory
558,1607554590,0.0,Infeasible trajectory
559,2139495990,0.0,Infeasible trajectory
560,1258512537,0.0,Infeasible trajectory
561,1479831316,0.0,Infeasible trajectory
562,1498701153,0.0,Infeasible trajectory
563,834693477,0.0,Infeasible trajectory
564,506276537,0.0,Infeasible trajectory
565,1173926295,0.0,Infeasible trajectory
566,56851867,0.0,Infeasible trajectory
567,2036925469,0.0,Infeasible trajectory
568,1491356577,0.0,Infeasible trajectory
569,1556108659,0.0,Infeasible trajectory
570,636260149,0.0,Infeasible trajectory
571,1204423287,0.0,Infeasible trajectory
572,2069441459,0.0,Infeasible trajectory
573,2083197782,0.0,Prevalence with immunity from infection-LnL CALC|Cumulative hospitalization rate-LnL CALC|Cumulative hospitalization rate-0-4yrs-LnL CALC|Cumulative hospitalization rate-5-12yrs-LnL CALC|Cumulative hospitalization rate-13-17yrs-LnL CALC|Cumulative hospitalization rate-18-29yrs-LnL CALC|Cumulative hospitalization rate-30-49yrs-LnL CALC|Cumulative hospitalization rate-50-64yrs-LnL CALC|Cumulative hospitalization rate-65-74yrs-LnL CALC|Cumulative hospitalization rate-75+yrs-LnL CALC|Cumulative vaccination rate-LnL CALC|Cumulative vaccination rate-13-17yrs-LnL CALC|Cumulative vaccination rate-18-29yrs-LnL CALC|Cumulative vaccination rate-30-49yrs-LnL CALC|Cumulative vaccination rate-50-64yrs-LnL CALC|Cumulative vaccination rate-65-74yrs-LnL CALC|Cumulative vaccination rate-75+yrs-LnL CALC|% of incidence due to Delta-LnL -INF|
575,1089073159,0.0,Infeasible trajectory
576,2136279657,0.0,Infeasible trajectory
577,17386481,0.0,Infeasible trajectory
578,599029897,0.0,Infeasible trajectory
579,1157405366,0.0,Infeasible trajectory
580,1583058816,0.0,Infeasible trajectory
581,1763050323,0.0,Infeasible trajectory
582,587982200,0.0,Infeasible trajectory
583,1839207332,0.0,Infeasible trajectory
584,1383485137,0.0,Infeasible trajectory
585,1279220884,0.0,Infeasible trajectory
586,815390581,0.0,Infeasible trajectory
587,1722850288,0.0,Infeasible trajectory
588,48614659,0.0,Infeasible trajectory
589,518217854,0.0,Infeasible trajectory
590,963434282,0.0,Infeasible trajectory
591,2064589377,0.0,Infeasible trajectory
592,420238868,0.0,Infeasible trajectory
593,1744274212,0.0,Infeasible trajectory
594,1555600708,0.0,Infeasible trajectory
595,297257936,0.0,Infeasible trajectory
596,2031173744,0.0,Infeasible trajectory
597,1475774383,0.0,Infeasible trajectory
598,1979269770,0.0,Infeasible trajectory
599,1240699117,0.0,Infeasible trajectory
600,1746142568,0.0,Infeasible trajectory
601,1766831070,0.0,Infeasible trajectory
602,1177024347,0.0,Infeasible trajectory
603,1543058987,0.0,Infeasible trajectory
604,1430847551,0.0,Infeasible trajectory
605,1715834783,0.0,Infeasible trajectory
606,348327828,0.0,Infeasible trajectory
607,1296353734,0.0,Infeasible trajectory
608,1749087497,0.0,Infeasible trajectory
609,1182059964,0.0,Infeasible trajectory
610,997438043,0.0,Infeasible trajectory
611,1830570607,0.0,Infeasible trajectory
612,569030051,0.0,Infeasible trajectory
613,1397197139,0.0,Infeasible trajectory
614,229467980,0.0,Infeasible trajectory
615,1945064722,0.0,Infeasible trajectory
616,968920433,0.0,Infeasible trajectory
617,59907914,0.0,Infeasible trajectory
618,49080546,0.0,Infeasible trajectory
619,143733985,0.0,Infeasible trajectory
620,1162135467,0.0,Infeasible trajectory
621,1308169859,0.0,Infeasible trajectory
622,631131020,0.0,Infeasible trajectory
623,1644371172,0.0,Infeasible trajectory
624,341544762,0.0,Infeasible trajectory
625,1076416385,0.0,Infeasible trajectory
626,384842097,0.0,Infeasible trajectory
627,761977984,0.0,Infeasible trajectory
628,738939687,0.0,Infeasible trajectory
629,1333261336,0.0,Infeasible trajectory
630,1053844154,0.0,Infeasible trajectory
631,1856061732,0.0,Infeasible trajectory
632,1806203235,0.0,Infeasible trajectory
633,1082909509,0.0,Infeasible trajectory
634,246397062,0.0,Infeasible trajectory
635,1415630851,0.0,Infeasible trajectory
636,1548555490,0.0,Infeasible trajectory
637,1627937657,0.0,Infeasible trajectory
638,975147688,0.0,Infeasible trajectory
640,1161049505,0.0,Infeasible trajectory
641,1100111132,0.0,Infeasible trajectory
642,564714308,0.0,Infeasible trajectory
643,394858522,0.0,Infeasible trajectory
644,237830880,0.0,Infeasible trajectory
645,2046454008,0.0,Infeasible trajectory
646,1295356269,0.0,Infeasible trajectory
647,2095663027,0.0,Infeasible trajectory
648,1125788873,0.0,Infeasible trajectory
649,1969305013,0.0,Infeasible trajectory
650,1959108805,0.0,Infeasible trajectory
651,105624481,0.0,Infeasible trajectory
652,787187335,0.0,Infeasible trajectory
653,1898441341,0.0,Infeasible trajectory
654,840204894,0.0,Infeasible trajectory
655,1514555464,0.0,Infeasible trajectory
656,1217704182,0.0,Infeasible trajectory
657,1861606228,0.0,Infeasible trajectory
658,1631773831,0.0,Infeasible trajectory
659,1403897539,0.0,Infeasible trajectory
660,778037461,0.0,Infeasible trajectory
662,1239293548,0.0,Infeasible trajectory
663,370986307,0.0,Infeasible trajectory
665,687365972,0.0,Infeasible trajectory
666,846096711,0.0,Infeasible trajectory
667,887317075,0.0,Infeasible trajectory
668,1196987615,0.0,Infeasible trajectory
669,1491536128,0.0,Infeasible trajectory
670,1191456389,0.0,Infeasible trajectory
671,778931547,0.0,Infeasible trajectory
672,1114211435,0.0,Infeasible trajectory
673,766081950,0.0,Infeasible trajectory
674,1605515209,0.0,Infeasible trajectory
675,300042195,0.0,Infeasible trajectory
676,376237575,0.0,Infeasible trajectory
677,41610389,0.0,Prevalence with immunity from infection-LnL CALC|Cumulative hospitalization rate-LnL CALC|Cumulative hospitalization rate-0-4yrs-LnL CALC|Cumulative hospitalization rate-5-12yrs-LnL CALC|Cumulative hospitalization rate-13-17yrs-LnL CALC|Cumulative hospitalization rate-18-29yrs-LnL CALC|Cumulative hospitalization rate-30-49yrs-LnL CALC|Cumulative hospitalization rate-50-64yrs-LnL CALC|Cumulative hospitalization rate-65-74yrs-LnL CALC|Cumulative hospitalization rate-75+yrs-LnL CALC|Cumulative vaccination rate-LnL CALC|Cumulative vaccination rate-13-17yrs-LnL CALC|Cumulative vaccination rate-18-29yrs-LnL CALC|Cumulative vaccination rate-30-49yrs-LnL CALC|Cumulative vaccination rate-50-64yrs-LnL CALC|Cumulative vaccination rate-65-74yrs-LnL CALC|Cumulative vaccination rate-75+yrs-LnL CALC|% of incidence due to Delta-LnL CALC|
678,1171761125,0.0,Infeasible trajectory
679,1683840476,0.0,Infeasible trajectory
680,1592800648,0.0,Infeasible trajectory
681,573228715,0.0,Infeasible trajectory
682,846341678,0.0,Infeasible trajectory
683,1199120384,0.0,Infeasible trajectory
684,1975065960,0.0,Infeasible trajectory
685,1826063027,0.0,Infeasible trajectory
686,191608358,0.0,Infeasible trajectory
687,924185689,0.0,Infeasible trajectory
688,1287613514,0.0,Infeasible trajectory
689,2108049907,0.0,Infeasible trajectory
690,330525410,0.0,Prevalence with immunity from infection-LnL CALC|Cumulative hospitalization rate-LnL CALC|Cumulative hospitalization rate-0-4yrs-LnL CALC|Cumulative hospitalization rate-5-12yrs-LnL CALC|Cumulative hospitalization rate-13-17yrs-LnL CALC|Cumulative hospitalization rate-18-29yrs-LnL CALC|Cumulative hospitalization rate-30-49yrs-LnL CALC|Cumulative hospitalization rate-50-64yrs-LnL CALC|Cumulative hospitalization rate-65-74yrs-LnL CALC|Cumulative hospitalization rate-75+yrs-LnL CALC|Cumulative vaccination rate-LnL CALC|Cumulative vaccination rate-13-17yrs-LnL CALC|Cumulative vaccination rate-18-29yrs-LnL CALC|Cumulative vaccination rate-30-49yrs-LnL CALC|Cumulative vaccination rate-50-64yrs-LnL CALC|Cumulative vaccination rate-65-74yrs-LnL CALC|Cumulative vaccination rate-75+yrs-LnL CALC|% of incidence due to Delta-LnL CALC|
691,2016479867,0.0,Infeasible trajectory
692,80896343,0.0,Infeasible trajectory
693,1643723872,0.0,Infeasible trajectory
694,1317739347,0.0,Infeasible trajectory
695,2097705242,0.0,Infeasible trajectory
696,333044430,0.0,Infeasible trajectory
697,1780553760,0.0,Infeasible trajectory
698,1973251187,0.0,Infeasible trajectory
699,747805126,0.0,Infeasible trajectory
700,625219425,0.0,Infeasible trajectory
701,2041352620,0.0,Infeasible trajectory
702,151880507,0.0,Infeasible trajectory
703,1218258745,0.0,Infeasible trajectory
704,1848564402,0.0,Infeasible trajectory
705,242362541,0.0,Infeasible trajectory
706,43022057,0.0,Infeasible trajectory
707,686623876,0.0,Infeasible trajectory
708,155381177,0.0,Infeasible trajectory
709,617742429,0.0,Infeasible trajectory
710,779074907,0.0,Infeasible trajectory
711,641938833,0.0,Infeasible trajectory
712,1192266147,0.0,Infeasible trajectory
713,168464066,0.0,Infeasible trajectory
714,553451924,0.0,Infeasible trajectory
715,1398805421,0.0,Infeasible trajectory
716,1686529209,0.0,Infeasible trajectory
717,631419855,0.0,Infeasible trajectory
718,1960247671,0.0,Infeasible trajectory
719,686636708,0.0,Infeasible trajectory
720,803721065,0.0,Infeasible trajectory
721,555821758,0.0,Infeasible trajectory
722,1735097860,0.0,Infeasible trajectory
723,338969073,0.0,Infeasible trajectory
724,188145138,0.0,Infeasible trajectory
725,396254413,0.0,Infeasible trajectory
726,1962419614,0.0,Infeasible trajectory
727,1763276141,0.0,Infeasible trajectory
728,1640855383,0.0,Infeasible trajectory
729,356360930,0.0,Infeasible trajectory
730,1969688995,0.0,Infeasible trajectory
731,1290115657,0.0,Infeasible trajectory
732,962792666,0.0,Infeasible trajectory
733,1619765175,0.0,Infeasible trajectory
734,1713800730,0.0,Infeasible trajectory
735,401405302,0.0,Infeasible trajectory
736,1735357462,0.0,Infeasible trajectory
737,1830969804,0.0,Infeasible trajectory
738,816151247,0.0,Infeasible trajectory
740,857370202,0.0,Infeasible trajectory
741,344443955,0.0,Infeasible trajectory
743,928761646,0.0,Infeasible trajectory
744,1102855888,0.0,Infeasible trajectory
745,116260413,0.0,Infeasible trajectory
746,584377788,0.0,Infeasible trajectory
747,993844015,0.0,Infeasible trajectory
748,1030879226,0.0,Infeasible trajectory
749,1146599528,0.0,Infeasible trajectory
750,689508992,0.0,Infeasible trajectory
751,41946506,0.0,Infeasible trajectory
752,1272991691,0.0,Infeasible trajectory
753,1324078989,0.0,Infeasible trajectory
754,1972105543,0.0,Infeasible trajectory
755,1000149598,0.0,Infeasible trajectory
756,1967691270,0.0,Infeasible trajectory
757,14720685,0.0,Infeasible trajectory
758,390774005,0.0,Infeasible trajectory
759,1948718494,0.0,Infeasible trajectory
760,1536407055,0.0,Infeasible trajectory
761,248297641,0.0,Infeasible trajectory
762,1963759782,0.0,Infeasible trajectory
763,418624821,0.0,Infeasible trajectory
764,1940786091,0.0,Infeasible trajectory
765,522605138,0.0,Infeasible trajectory
766,325348743,0.0,Infeasible trajectory
767,1559170268,0.0,Infeasible trajectory
768,1377684289,0.0,Infeasible trajectory
769,677025449,0.0,Infeasible trajectory
770,1755970370,0.0,Infeasible trajectory
771,2114968690,0.0,Infeasible trajectory
772,1355164508,0.0,Infeasible trajectory
773,365076814,0.0,Infeasible trajectory
774,684679909,0.0,Infeasible trajectory
775,405693659,0.0,Infeasible trajectory
776,553614582,0.0,Infeasible trajectory
777,573841508,0.0,Infeasible trajectory
778,1711262111,0.0,Infeasible trajectory
779,1929717981,0.0,Infeasible trajectory
780,269350066,0.0,Infeasible trajectory
781,1875811836,0.0,Infeasible trajectory
782,1821204654,0.0,Infeasible trajectory
783,1921475165,0.0,Infeasible trajectory
784,1111039602,0.0,Infeasible trajectory
785,977948321,0.0,Infeasible trajectory
786,1499108108,0.0,Infeasible trajectory
787,1040404192,0.0,Infeasible trajectory
788,143042281,0.0,Infeasible trajectory
789,1318495056,0.0,Infeasible trajectory
790,1971315778,0.0,Infeasible trajectory
791,514414024,0.0,Infeasible trajectory
792,1526297587,0.0,Infeasible trajectory
793,1906444413,0.0,Infeasible trajectory
794,1532044426,0.0,Infeasible trajectory
795,1682657904,0.0,Infeasible trajectory
796,70130394,0.0,Infeasible trajectory
797,136791195,0.0,Infeasible trajectory
798,795566776,0.0,Infeasible trajectory
799,1483299960,0.0,Infeasible trajectory
